TDSFU Daily run: Mon Oct 27 13:08:12 UTC 2025 TDSFU
TDSFU Daily run: Tue Oct 28 04:45:18 UTC 2025 TDSFU
TDSFU Daily run: Wed Oct 29 04:49:00 UTC 2025 TDSFU
TDSFU Daily run: Thu Oct 30 04:44:02 UTC 2025 TDSFU
TDSFU Daily run: Fri Oct 31 04:58:05 UTC 2025 TDSFU
TDSFU Daily run: Sat Nov  1 04:39:59 UTC 2025 TDSFU
TDSFU Daily run: Sun Nov  2 04:44:10 UTC 2025 TDSFU
TDSFU Daily run: Mon Nov  3 04:51:20 UTC 2025 TDSFU
TDSFU Daily run: Tue Nov  4 04:45:24 UTC 2025 TDSFU
TDSFU Daily run: Wed Nov  5 04:34:22 UTC 2025 TDSFU
TDSFU Daily run: Thu Nov  6 04:38:08 UTC 2025 TDSFU
TDSFU Daily run: Fri Nov  7 04:33:46 UTC 2025 TDSFU
TDSFU Daily run: Sat Nov  8 04:32:39 UTC 2025 TDSFU
TDSFU Daily run: Sun Nov  9 04:33:21 UTC 2025 TDSFU
